<?xml version="1.0" encoding="UTF-8"?>
<project-private xmlns="http://www.netbeans.org/ns/project-private/1">
    <editor-bookmarks xmlns="http://www.netbeans.org/ns/editor-bookmarks/2" lastBookmarkId="0"/>
    <open-files xmlns="http://www.netbeans.org/ns/projectui-open-files/2">
        <group>
            <file>file:/F:/School/Java%20Programming/Advanced/EmployeeProductionWorker_TimMcCammon/src/ProductionWorker.java</file>
            <file>file:/F:/School/Java%20Programming/Advanced/EmployeeProductionWorker_TimMcCammon/src/WorkerDemo.java</file>
            <file>file:/F:/School/Java%20Programming/Advanced/EmployeeProductionWorker_TimMcCammon/src/Employee.java</file>
        </group>
    </open-files>
</project-private>
